Design,Protocol,Length,Seed,Helicity,Target_Hotspot,Sequence,InterfaceResidues,pLDDT,pTM,i_pTM,pAE,i_pAE,i_pLDDT,ss_pLDDT,Unrelaxed_Clashes,Relaxed_Clashes,Binder_Energy_Score,Surface_Hydrophobicity,ShapeComplementarity,PackStat,dG,dSASA,dG/dSASA,Interface_SASA_%,Interface_Hydrophobicity,n_InterfaceResidues,n_InterfaceHbonds,InterfaceHbondsPercentage,n_InterfaceUnsatHbonds,InterfaceUnsatHbondsPercentage,Interface_Helix%,Interface_BetaSheet%,Interface_Loop%,Binder_Helix%,Binder_BetaSheet%,Binder_Loop%,InterfaceAAs,Target_RMSD,TrajectoryTime,Notes,TargetSettings,Filters,AdvancedSettings
bindcraftchainamotif_l72_s993835,4stage,72,993835,-0.3,"A70,A104,A166,A237,A170,A234,A235,A238,A239",LIEFMVEMVEVMRTMKMSEVYKMTMEIFKMAEALGMDPSYREKYPTIYHDRGYHVEIMQKVVAEAVELVAER,"B17,B18,B21,B46,B47,B48,B49,B50,B51,B53,B56",0.92,0.92,0.85,0.16,0.15,0.85,0.93,4,0,-149.66,0.41,0.66,0.64,-26.41,1146.1,-2.3,28.16,45.45,11,3,27.27,1,9.09,54.55,0,45.45,72.22,0,27.78,"{'A': 0, 'C': 0, 'D': 1, 'E': 1, 'F': 0, 'G': 0, 'H': 1, 'I': 1, 'K': 0, 'L': 0, 'M': 1, 'N': 0, 'P': 0, 'Q': 0, 'R': 1, 'S': 1, 'T': 1, 'V': 0, 'W': 0, 'Y': 3}",0.74,"0 hours, 10 minutes, 32 seconds",,bindcraftchainamotif,default_filters,default_4stage_multimer
bindcraftchainamotif_l56_s491443,4stage,56,491443,-0.3,"A70,A104,A166,A237,A170,A234,A235,A238,A239",SVAQLMAMMQTRKAKYKKYREQSIKGPVTGQEFYMDYYWYHEYYELKNKVKRAQEG,"B16,B23,B24,B30,B33,B34,B36,B37,B38,B40,B41,B42,B44,B45,B48,B49,B52",0.71,0.87,0.53,0.36,0.39,0.88,0.9,10,0,-111.63,0.44,0.58,0.64,-37.38,1869.05,-2,53.55,47.06,17,4,23.53,6,35.29,100,0,0,89.29,0,10.71,"{'A': 0, 'C': 0, 'D': 1, 'E': 2, 'F': 1, 'G': 1, 'H': 1, 'I': 1, 'K': 1, 'L': 0, 'M': 0, 'N': 1, 'P': 0, 'Q': 0, 'R': 1, 'S': 1, 'T': 0, 'V': 0, 'W': 0, 'Y': 6}",0.77,"0 hours, 9 minutes, 11 seconds",,bindcraftchainamotif,default_filters,default_4stage_multimer
bindcraftchainamotif_l129_s628745,4stage,129,628745,-0.3,"A70,A104,A166,A237,A170,A234,A235,A238,A239",SPMTDEEKMKKGSAKVMAEMKPEMTAFIAEITVHIEVIRGVMNAHPNDKEAIRQKFRPVRWLVHDHFEKAWDAVMKHNVSPGNRPGDPGGQLYYDLYMLFYDLYYWKPYEERLQSMVEYTEKMRALVAM,"B61,B64,B65,B67,B68,B71,B72,B75,B78,B79,B80,B81,B82,B83,B93,B94,B97,B98,B100,B101,B104,B105,B106",0.88,0.92,0.86,0.16,0.17,0.91,0.95,8,0,-338.75,0.44,0.71,0.72,-50.54,2217.37,-2.28,33.16,65.22,23,4,17.39,4,17.39,70.83,0,29.17,80.62,0,19.38,"{'A': 0, 'C': 0, 'D': 2, 'E': 1, 'F': 2, 'G': 1, 'H': 1, 'I': 0, 'K': 0, 'L': 0, 'M': 2, 'N': 2, 'P': 1, 'Q': 0, 'R': 0, 'S': 1, 'T': 0, 'V': 1, 'W': 3, 'Y': 6}",0.74,"0 hours, 36 minutes, 3 seconds",,bindcraftchainamotif,default_filters,default_4stage_multimer
bindcraftchainamotif_l43_s259479,4stage,43,259479,-0.3,"A70,A104,A166,A237,A170,A234,A235,A238,A239",TAEEVKKLIKEHPFPDEAMYYDIRGRMRRLMENGQRDEVMKLM,"B6,B9,B10,B14,B16,B17,B18,B19,B20,B21,B22,B24,B25,B26,B28,B29",0.33,0.84,0.19,0.72,0.72,0.77,0.73,9,0,-94.61,0.32,0.44,0.62,-26.45,1546.96,-1.71,56.34,37.5,16,8,50,4,25,92.86,0,7.14,76.74,0,23.26,"{'A': 1, 'C': 0, 'D': 2, 'E': 1, 'F': 1, 'G': 1, 'H': 0, 'I': 1, 'K': 2, 'L': 0, 'M': 1, 'N': 0, 'P': 0, 'Q': 0, 'R': 4, 'S': 0, 'T': 0, 'V': 0, 'W': 0, 'Y': 2}",0.78,"0 hours, 8 minutes, 43 seconds",,bindcraftchainamotif,default_filters,default_4stage_multimer
bindcraftchainamotif_l103_s96003,4stage,103,96003,-0.3,"A70,A104,A166,A237,A170,A234,A235,A238,A239",MMKVMKELEQAFQTTLVKVEVEGGEITVLFHYGEGSWEKYPALSWPHAVQRIVAFMEAHKPRYKAIAEEDTTPIGTFYMEEYEKIMKLARVFAAKHGITLVIP,"B15,B16,B18,B31,B32,B33,B34,B35,B36,B37,B38,B40,B62,B66,B69,B70,B73,B74,B77,B78,B80",0.54,0.71,0.12,0.72,0.82,0.86,0.94,14,0,-269.15,0.43,0.57,0.65,-41.28,1991.17,-2.07,38.18,42.86,21,7,33.33,4,19.05,41.18,17.65,41.18,57.28,18.45,24.27,"{'A': 0, 'C': 0, 'D': 1, 'E': 4, 'F': 1, 'G': 2, 'H': 1, 'I': 2, 'K': 1, 'L': 1, 'M': 0, 'N': 0, 'P': 1, 'Q': 0, 'R': 1, 'S': 1, 'T': 1, 'V': 0, 'W': 1, 'Y': 3}",0.73,"0 hours, 17 minutes, 54 seconds",,bindcraftchainamotif,default_filters,default_4stage_multimer
bindcraftchainamotif_l148_s690483,4stage,148,690483,-0.3,"A70,A104,A166,A237,A170,A234,A235,A238,A239",MSPVDVMMDMFKQSIEYWRAFVKNHPRMTPALKKAMFKMMESFAPVMTIAIKSVPYMIESIQTGEPTPEEVAANKKLVVAYAVYKPAYNQAEAVSKATDPAEDWVDTWDMHHREVMWEARHQAKLPPQVYIRMMRNINTVENAVTAAM,"B10,B13,B14,B17,B18,B21,B25,B27,B99,B101,B102,B103,B104,B106,B107,B110,B111,B113,B114,B115,B117,B118,B121,B124,B127,B130,B131,B134,B135,B138,B142",0.84,0.91,0.86,0.18,0.17,0.9,0.95,2,0,-354.93,0.43,0.56,0.64,-47.38,2617.18,-1.81,39.54,41.94,31,11,35.48,6,19.35,82.61,0,17.39,85.14,0,14.86,"{'A': 1, 'C': 0, 'D': 3, 'E': 3, 'F': 1, 'G': 0, 'H': 3, 'I': 1, 'K': 1, 'L': 0, 'M': 3, 'N': 2, 'P': 1, 'Q': 1, 'R': 3, 'S': 1, 'T': 1, 'V': 1, 'W': 3, 'Y': 2}",0.76,"0 hours, 41 minutes, 6 seconds",,bindcraftchainamotif,default_filters,default_4stage_multimer
bindcraftchainamotif_l85_s443899,4stage,85,443899,-0.3,"A70,A104,A166,A237,A170,A234,A235,A238,A239",SMAEMVAKVARIMKRFLEKYSGESEVAQKWSPETYEKHMVPGVEFMQELYADFTNAVKKGNEEQAERWAKYVRHFAHEWGVDENL,"B19,B20,B26,B29,B30,B31,B33,B34,B37,B38,B39,B41,B42,B45,B48,B49,B52,B64,B67,B68,B70,B71,B74,B75,B77,B78,B79,B80",0.87,0.93,0.88,0.16,0.15,0.93,0.94,2,0,-215.01,0.28,0.55,0.64,-49.93,2150.07,-2.32,47.2,39.29,28,8,28.57,5,17.86,80,0,20,76.47,0,23.53,"{'A': 0, 'C': 0, 'D': 1, 'E': 3, 'F': 2, 'G': 2, 'H': 3, 'I': 0, 'K': 4, 'L': 1, 'M': 1, 'N': 0, 'P': 1, 'Q': 1, 'R': 1, 'S': 1, 'T': 1, 'V': 1, 'W': 3, 'Y': 2}",0.81,"0 hours, 11 minutes, 28 seconds",,bindcraftchainamotif,default_filters,default_4stage_multimer
bindcraftchainamotif_l137_s62719,4stage,137,62719,-0.3,"A70,A104,A166,A237,A170,A234,A235,A238,A239",VSSLIEQFIANGGKQALERIDLGGIDVDWFMRTLRRGARYVEHVVGTPTIWYDERRQAYRIKFYAKYFMQFFKKIVSHPELPVIERVKATAIMSAIMARMVNATANINPDMAQVLRERERVMMEALLRLAIKMATSM,"B24,B25,B26,B29,B36,B39,B49,B50,B51,B52,B53,B55,B56,B59,B60,B63,B64,B66,B67,B70",0.78,0.86,0.71,0.26,0.25,0.71,0.85,12,0,-311.7,0.42,0.56,0.61,-56.08,2344.28,-2.39,36.02,45,20,11,55,7,35,62.5,0,37.5,77.37,0,22.63,"{'A': 0, 'C': 0, 'D': 2, 'E': 0, 'F': 1, 'G': 1, 'H': 0, 'I': 2, 'K': 1, 'L': 0, 'M': 0, 'N': 0, 'P': 0, 'Q': 1, 'R': 5, 'S': 0, 'T': 1, 'V': 0, 'W': 2, 'Y': 4}",0.76,"0 hours, 37 minutes, 8 seconds",,bindcraftchainamotif,default_filters,default_4stage_multimer
bindcraftchainamotif_l94_s87219,4stage,94,87219,-0.3,"A70,A104,A166,A237,A170,A234,A235,A238,A239",LERVLTAAEKTKFTEFLDDTMYWVYEVAYWDRPAKDDKKIMMQIMMQKLIVVLAKMDPWYAEKLREFVAQHNTIDHPMRFWQFHDLFQKFMLGP,"B19,B22,B23,B25,B26,B27,B29,B30,B31,B32,B48,B79,B80,B81,B85",0.79,0.91,0.8,0.22,0.21,0.87,0.9,4,0,-222.16,0.4,0.59,0.73,-50.18,1826.31,-2.75,35.01,53.33,15,8,53.33,0,0,73.33,0,26.67,74.47,0,25.53,"{'A': 0, 'C': 0, 'D': 3, 'E': 1, 'F': 1, 'G': 0, 'H': 0, 'I': 0, 'K': 1, 'L': 0, 'M': 0, 'N': 0, 'P': 0, 'Q': 0, 'R': 2, 'S': 0, 'T': 0, 'V': 1, 'W': 3, 'Y': 3}",0.79,"0 hours, 12 minutes, 27 seconds",,bindcraftchainamotif,default_filters,default_4stage_multimer
bindcraftchainamotif_l150_s941674,4stage,150,941674,-0.3,"A70,A104,A166,A237,A170,A234,A235,A238,A239",PPTPAQVARLAKVVVASFPAMWSKAKGAPVTTQWQVFEFMYVIYMSTIYMFRDANMEGSPVKRALIQAMHGIRGEFQDIWIAAKSEEEYYQDLEHLYYETRDNRHKYNVFTPEFMSKFDELVAEYGGGPNAAPLTAAMREMEAIQKAMII,"B41,B44,B48,B52,B63,B67,B70,B73,B74,B77,B78,B86,B87,B89,B90,B91,B93,B94,B95,B97,B98,B99,B101,B102,B104,B105,B106",0.81,0.66,0.2,0.54,0.74,0.89,0.92,12,0,-359.9,0.42,0.52,0.62,-60.36,2724.42,-2.22,43.02,29.63,27,17,62.96,4,14.81,100,0,0,84.67,0,15.33,"{'A': 0, 'C': 0, 'D': 2, 'E': 4, 'F': 0, 'G': 1, 'H': 3, 'I': 1, 'K': 1, 'L': 1, 'M': 0, 'N': 0, 'P': 0, 'Q': 3, 'R': 5, 'S': 0, 'T': 0, 'V': 0, 'W': 0, 'Y': 6}",0.77,"0 hours, 41 minutes, 30 seconds",,bindcraftchainamotif,default_filters,default_4stage_multimer
bindcraftchainamotif_l79_s800310,4stage,79,800310,-0.3,"A70,A104,A166,A237,A170,A234,A235,A238,A239",PVRINMTYMQMQQHIDIAGEVLKKLGVAGYGAMVKQMRHDADTDPYVTLDYMLRFIKQNVKEEVPVDEVIAEVMDAIGE,"B3,B4,B5,B6,B7,B8,B9,B11,B39,B40,B41,B42,B43,B44,B45,B46,B47,B48,B51",0.59,0.8,0.31,0.56,0.6,0.79,0.91,10,0,-193.02,0.41,0.56,0.68,-36.58,1917.03,-1.91,43.53,52.63,19,8,42.11,9,47.37,57.14,0,42.86,68.35,0,31.65,"{'A': 1, 'C': 0, 'D': 3, 'E': 0, 'F': 0, 'G': 0, 'H': 1, 'I': 1, 'K': 0, 'L': 0, 'M': 3, 'N': 1, 'P': 1, 'Q': 0, 'R': 1, 'S': 0, 'T': 3, 'V': 1, 'W': 0, 'Y': 3}",0.74,"0 hours, 11 minutes, 7 seconds",,bindcraftchainamotif,default_filters,default_4stage_multimer
bindcraftchainamotif_l123_s917654,4stage,123,917654,-0.3,"A70,A104,A166,A237,A170,A234,A235,A238,A239",SAVKEQASQEFNKTTSLYAQMVAYYGTLVAMYAAVQALHDDGHFLEDEGYMYMQAKAKNAHKRLTPMVTTLVASFVVGVALYSTGNYSGSVQIFVQMQPEMKEVVQESKKMMPIAAELIEHLM,"B46,B47,B48,B49,B50,B51,B52,B53,B55,B56,B58,B59,B117",0.61,0.68,0.14,0.67,0.81,0.93,0.96,1,0,-286.76,0.43,0.73,0.71,-39.68,1340.74,-2.96,21.39,38.46,13,7,53.85,3,23.08,83.33,0,16.67,90.24,0,9.76,"{'A': 1, 'C': 0, 'D': 1, 'E': 3, 'F': 0, 'G': 1, 'H': 0, 'I': 0, 'K': 2, 'L': 0, 'M': 2, 'N': 1, 'P': 0, 'Q': 0, 'R': 0, 'S': 0, 'T': 0, 'V': 0, 'W': 0, 'Y': 2}",0.73,"0 hours, 36 minutes, 12 seconds",,bindcraftchainamotif,default_filters,default_4stage_multimer
bindcraftchainamotif_l124_s485927,4stage,124,485927,-0.3,"A70,A104,A166,A237,A170,A234,A235,A238,A239",MWSVEEVERRAREVVEFMARHGMWPAATQLWRLIENNVPVTFQFTRHRQVRITAPGFEKWVYMPYPGYMDPKKMVATLAVMMMVYLLAQRQGEAALRAEAQKWIDRYDPYTRNYMSQTNAANGM,"B46,B47,B48,B49,B60,B62,B63,B64,B65,B66,B67,B68,B69,B106",0.66,0.74,0.32,0.5,0.54,0.65,0.86,35,0,-331.69,0.36,0.54,0.65,-21.65,1657.58,-1.31,27.11,57.14,14,8,57.14,4,28.57,8.33,25,66.67,62.1,12.9,25,"{'A': 0, 'C': 0, 'D': 0, 'E': 0, 'F': 0, 'G': 1, 'H': 1, 'I': 0, 'K': 0, 'L': 0, 'M': 2, 'N': 0, 'P': 2, 'Q': 1, 'R': 3, 'S': 0, 'T': 0, 'V': 0, 'W': 1, 'Y': 3}",0.72,"0 hours, 37 minutes, 0 seconds",,bindcraftchainamotif,default_filters,default_4stage_multimer
bindcraftchainamotif_l88_s817186,4stage,88,817186,-0.3,"A70,A104,A166,A237,A170,A234,A235,A238,A239",PEAELKQDMDKIQRIGYRMESYYHDTAAPHREFMTAMQKNPGKPTPEVMKLAKAVVEAMKKSKTMWNQSKERYVKQMQQLIALMQMGM,"B14,B17,B18,B20,B21,B22,B23,B31,B66,B67,B68,B69,B72,B73",0.71,0.83,0.5,0.38,0.36,0.69,0.75,26,0,-179.3,0.28,0.55,0.68,-31.02,1744.02,-1.78,36.26,35.71,14,9,64.29,4,28.57,85.71,0,14.29,82.95,0,17.05,"{'A': 0, 'C': 0, 'D': 0, 'E': 1, 'F': 0, 'G': 0, 'H': 0, 'I': 0, 'K': 0, 'L': 0, 'M': 0, 'N': 1, 'P': 0, 'Q': 1, 'R': 4, 'S': 2, 'T': 0, 'V': 0, 'W': 1, 'Y': 4}",0.77,"0 hours, 12 minutes, 3 seconds",,bindcraftchainamotif,default_filters,default_4stage_multimer
bindcraftchainamotif_l110_s884585,4stage,110,884585,-0.3,"A70,A104,A166,A237,A170,A234,A235,A238,A239",SPAVAMDKTVAREVIAMVEIVRVTDNAFVRATGHDHITKAQQAGLMAMVAKVIGYMSIAYVPVFGEKDFKQEAHFVTRMFAHTKHNREYYRYHAMYEMKHEMEDVLEKLG,"B22,B26,B29,B30,B33,B34,B35,B71,B72,B74,B75,B78,B79,B82,B85,B87,B88,B89,B90,B92,B93,B96,B97,B100",0.88,0.91,0.83,0.18,0.17,0.81,0.92,6,0,-237.45,0.44,0.55,0.65,-51.93,2211.94,-2.35,42.35,29.17,24,10,41.67,5,20.83,71.43,0,28.57,86.36,0,13.64,"{'A': 0, 'C': 0, 'D': 1, 'E': 3, 'F': 1, 'G': 1, 'H': 6, 'I': 0, 'K': 0, 'L': 0, 'M': 1, 'N': 1, 'P': 0, 'Q': 1, 'R': 4, 'S': 0, 'T': 0, 'V': 1, 'W': 0, 'Y': 4}",0.73,"0 hours, 13 minutes, 58 seconds",,bindcraftchainamotif,default_filters,default_4stage_multimer
bindcraftchainamotif_l126_s699777,4stage,126,699777,-0.3,"A70,A104,A166,A237,A170,A234,A235,A238,A239",RYEYTVEFEERYKGWPPDNTATATGVMEPVPVDGVNPGPMVYTVDFTYDRRGRYTMEVMIELVIDKGRVEEVRFRQRRAGRPHFDEYPVTEVRAAMIGNQMEVEAMMRHPYYDGKQYRARIVLTPV,"B12,B13,B14,B15,B50,B53,B54,B78,B111,B112,B113,B114,B115",0.74,0.75,0.37,0.42,0.46,0.52,0.81,13,0,-385.18,0.41,0.61,0.63,-22.24,1136.78,-1.96,15.59,38.46,13,8,61.54,2,15.38,0,16.67,83.33,0,71.43,28.57,"{'A': 0, 'C': 0, 'D': 1, 'E': 0, 'F': 0, 'G': 2, 'H': 0, 'I': 0, 'K': 2, 'L': 0, 'M': 0, 'N': 0, 'P': 0, 'Q': 0, 'R': 3, 'S': 0, 'T': 0, 'V': 0, 'W': 1, 'Y': 4}",0.79,"0 hours, 50 minutes, 52 seconds",,bindcraftchainamotif,default_filters,default_4stage_multimer
bindcraftchainamotif_l135_s605077,4stage,135,605077,-0.3,"A70,A104,A166,A237,A170,A234,A235,A238,A239",SSAPMTPSQKLYKVYSTKDTEVAIVVKDMIKSGATVVKMAEYMVSEWMKLLPTVNTAMKAWDEEEKLYFRHRVHWNSYWFRGQIRDAMEAHKMDPKEVKSMIKVHVVISRAMMHPDITADDVKKDVAGIVAATLS,"B12,B13,B20,B63,B64,B67,B68,B70,B71,B72,B74,B75,B76,B78,B79,B81,B82,B83,B85,B86,B89,B106,B110,B113,B114",0.47,0.8,0.66,0.5,0.45,0.95,0.96,5,0,-350.05,0.33,0.5,0.71,-45.69,2277.86,-2.01,35.08,32,25,11,44,6,24,95.24,0,4.76,82.22,0,17.78,"{'A': 0, 'C': 0, 'D': 1, 'E': 3, 'F': 0, 'G': 1, 'H': 3, 'I': 0, 'K': 1, 'L': 1, 'M': 1, 'N': 1, 'P': 0, 'Q': 1, 'R': 5, 'S': 0, 'T': 1, 'V': 1, 'W': 2, 'Y': 3}",0.75,"0 hours, 37 minutes, 59 seconds",,bindcraftchainamotif,default_filters,default_4stage_multimer
bindcraftchainamotif_l74_s365314,4stage,74,365314,-0.3,"A70,A104,A166,A237,A170,A234,A235,A238,A239",MPLPLRNMSIFEKVVTVKILMRDVRRQHRKMMYYENYHYVMDDGDYARMRGKITRRMKTAMKAVVQLVWEMLIF,"B26,B28,B29,B30,B32,B33,B34,B36,B37,B39,B40",0.77,0.83,0.47,0.37,0.37,0.73,0.85,4,0,-143.37,0.47,0.57,0.7,-29.97,1500.73,-2,28.86,54.55,11,2,18.18,0,0,88.89,0,11.11,86.49,0,13.51,"{'A': 0, 'C': 0, 'D': 0, 'E': 0, 'F': 0, 'G': 0, 'H': 1, 'I': 0, 'K': 1, 'L': 0, 'M': 1, 'N': 1, 'P': 0, 'Q': 0, 'R': 2, 'S': 0, 'T': 0, 'V': 1, 'W': 0, 'Y': 4}",0.76,"0 hours, 11 minutes, 2 seconds",,bindcraftchainamotif,default_filters,default_4stage_multimer
bindcraftchainamotif_l119_s450347,4stage,119,450347,-0.3,"A70,A104,A166,A237,A170,A234,A235,A238,A239",SAVAAVMREFVAVFEQVYEKLDAVMKPENVHESLWAMMNIATHPDHWWTGEYMGYMYDTLSREEYALYNAERKKLAPVMRTMLAVMGKDAVYTIMRMYRTVGRWRDPRAFMAVMRALFG,"B45,B46,B47,B48,B49,B50,B51,B52,B53,B54,B55,B57,B58,B59,B99,B104",0.82,0.88,0.76,0.22,0.23,0.86,0.92,7,0,-260.38,0.47,0.57,0.75,-31.35,1628.13,-1.93,28.47,43.75,16,1,6.25,5,31.25,78.57,0,21.43,84.87,0,15.13,"{'A': 0, 'C': 0, 'D': 2, 'E': 1, 'F': 0, 'G': 2, 'H': 1, 'I': 0, 'K': 0, 'L': 0, 'M': 1, 'N': 0, 'P': 0, 'Q': 0, 'R': 1, 'S': 0, 'T': 2, 'V': 0, 'W': 3, 'Y': 3}",0.75,"0 hours, 14 minutes, 31 seconds",,bindcraftchainamotif,default_filters,default_4stage_multimer
bindcraftchainamotif_l97_s56525,4stage,97,56525,-0.3,"A70,A104,A166,A237,A170,A234,A235,A238,A239",SLKAMMEKMIKTTMSDAYKGSTPENRRPVMLAVVESLHEDLMEIVKVAKVQLTGEGSKTPPTPKWEYRGYMRYMYYQYWVDETMEELREEVRNEPVP,"B49,B53,B55,B60,B61,B63,B64,B66,B67,B68,B70,B71,B72,B74,B75,B77,B78,B79,B82,B86",0.86,0.9,0.77,0.22,0.21,0.86,0.94,4,0,-227.04,0.4,0.5,0.63,-41.48,1933.91,-2.14,33.65,50,20,7,35,1,5,92.31,0,7.69,80.41,0,19.59,"{'A': 0, 'C': 0, 'D': 0, 'E': 4, 'F': 0, 'G': 0, 'H': 0, 'I': 0, 'K': 2, 'L': 0, 'M': 2, 'N': 0, 'P': 3, 'Q': 1, 'R': 2, 'S': 0, 'T': 1, 'V': 0, 'W': 1, 'Y': 4}",0.74,"0 hours, 11 minutes, 16 seconds",,bindcraftchainamotif,default_filters,default_4stage_multimer
bindcraftchainamotif_l57_s233366,4stage,57,233366,-0.3,"A70,A104,A166,A237,A170,A234,A235,A238,A239",MQMEQVMLDVRGAATYQDMRAVMGAYVTDTGVEFTPQEKYTMYYEYYDARWIRREQG,"B11,B16,B20,B36,B37,B39,B40,B41,B43,B44,B45,B47,B48,B50,B51,B52,B54",0.81,0.91,0.78,0.2,0.18,0.89,0.91,3,0,-116.76,0.53,0.61,0.72,-39.4,1919.63,-2.05,60.77,47.06,17,5,29.41,8,47.06,100,0,0,80.7,0,19.3,"{'A': 0, 'C': 0, 'D': 1, 'E': 1, 'F': 0, 'G': 0, 'H': 0, 'I': 1, 'K': 1, 'L': 0, 'M': 0, 'N': 0, 'P': 1, 'Q': 1, 'R': 4, 'S': 0, 'T': 1, 'V': 0, 'W': 1, 'Y': 5}",0.75,"0 hours, 8 minutes, 34 seconds",,bindcraftchainamotif,default_filters,default_4stage_multimer
bindcraftchainamotif_l98_s255134,4stage,98,255134,-0.3,"A70,A104,A166,A237,A170,A234,A235,A238,A239",SLYDVLWDMIYKKGVPKGAIPAPLMALYDLMQQEMETRHEYGDSHRALAFLDANEDKYKELAEQIPPKFPVKITRMPNYWDVNVSPADQEQIVAEIMS,"B3,B4,B7,B11,B12,B14,B32,B33,B35,B36,B37,B38,B39,B40,B41,B42,B43,B78,B79",0.71,0.72,0.18,0.6,0.72,0.85,0.91,6,0,-265.87,0.42,0.57,0.63,-40.69,2072.12,-1.96,41.18,31.58,19,8,42.11,5,26.32,78.57,0,21.43,65.31,8.16,26.53,"{'A': 0, 'C': 0, 'D': 2, 'E': 2, 'F': 0, 'G': 2, 'H': 1, 'I': 0, 'K': 1, 'L': 0, 'M': 1, 'N': 1, 'P': 0, 'Q': 2, 'R': 1, 'S': 0, 'T': 1, 'V': 0, 'W': 1, 'Y': 4}",0.73,"0 hours, 12 minutes, 48 seconds",,bindcraftchainamotif,default_filters,default_4stage_multimer
bindcraftchainamotif_l128_s565994,4stage,128,565994,-0.3,"A70,A104,A166,A237,A170,A234,A235,A238,A239",SVVERVFREVVQPSMSTTVGNQQYMQKAHKEVPPGMTVEEVVMFFMMAMFERIAELHRKGHDDHDYDPQFHDDYLGAIFGVRHMVRQLQESPNPEYKKLGEKVKAPMLGWHTIERIPEALRVMRGYLE,"B15,B16,B17,B18,B19,B22,B57,B60,B61,B63,B64,B65,B66,B68,B70,B71,B72,B74,B75,B76,B78,B79,B82,B83,B86,B90,B111,B112,B113,B114",0.83,0.92,0.84,0.19,0.16,0.81,0.85,12,0,-284.71,0.29,0.62,0.63,-68.54,2682.46,-2.56,42.97,33.33,30,16,53.33,5,16.67,77.27,0,22.73,82.03,0,17.97,"{'A': 0, 'C': 0, 'D': 3, 'E': 2, 'F': 2, 'G': 2, 'H': 6, 'I': 2, 'K': 0, 'L': 1, 'M': 1, 'N': 0, 'P': 1, 'Q': 1, 'R': 2, 'S': 1, 'T': 3, 'V': 1, 'W': 0, 'Y': 2}",0.75,"0 hours, 37 minutes, 13 seconds",,bindcraftchainamotif,default_filters,default_4stage_multimer
bindcraftchainamotif_l86_s609559,4stage,86,609559,-0.3,"A70,A104,A166,A237,A170,A234,A235,A238,A239",MDPPQQAMALRDAMYPQLDKAMVRTVRPVFKKHGYTMTMHPGETHAHYIYVDKSMPRYVRRQIWRAYHDVYVAFWDAFFAQKAQLP,"B2,B3,B4,B5,B7,B8,B11,B12,B15,B42,B43,B45,B48,B53,B57,B60,B61,B64,B65,B67,B68,B69,B71,B72,B75,B76,B78,B79,B82,B83,B84,B85,B86",0.84,0.92,0.85,0.17,0.16,0.94,0.96,10,1,-230.26,0.5,0.58,0.69,-68.7,2846.16,-2.41,62.57,48.48,33,11,33.33,11,33.33,75,0,25,65.12,0,34.88,"{'A': 2, 'C': 0, 'D': 4, 'E': 1, 'F': 2, 'G': 1, 'H': 2, 'I': 0, 'K': 2, 'L': 1, 'M': 1, 'N': 0, 'P': 3, 'Q': 2, 'R': 5, 'S': 0, 'T': 0, 'V': 1, 'W': 2, 'Y': 4}",0.73,"0 hours, 12 minutes, 11 seconds",Relaxed structure contains clashes.,bindcraftchainamotif,default_filters,default_4stage_multimer
bindcraftchainamotif_l122_s149366,4stage,122,149366,-0.3,"A70,A104,A166,A237,A170,A234,A235,A238,A239",MVDLSKMPFPKSISPAQTEEFFAIVERMFERWAGAFQGHPYVYGNFMRVRERFTKKRDRARQGEEDPQWVIFDFMDYYHTMYIRYMVNEMVESKHPRGGEARRAYETNNDEMAPFLRRAAAS,"B5,B6,B9,B11,B41,B45,B48,B49,B52,B56,B59,B65,B66,B68,B69,B72,B73,B75,B76,B77,B78,B80,B81,B82,B85,B89",0.88,0.92,0.85,0.16,0.14,0.91,0.94,5,0,-318.1,0.38,0.6,0.62,-53.96,2290.51,-2.36,40.62,42.31,26,8,30.77,6,23.08,80,0,20,77.87,0,22.13,"{'A': 0, 'C': 0, 'D': 3, 'E': 2, 'F': 2, 'G': 0, 'H': 0, 'I': 0, 'K': 3, 'L': 0, 'M': 2, 'N': 1, 'P': 0, 'Q': 1, 'R': 3, 'S': 1, 'T': 1, 'V': 1, 'W': 1, 'Y': 5}",0.78,"0 hours, 36 minutes, 41 seconds",,bindcraftchainamotif,default_filters,default_4stage_multimer
bindcraftchainamotif_l146_s570190,4stage,146,570190,-0.3,"A70,A104,A166,A237,A170,A234,A235,A238,A239",MAVDAAYSQYMKLMRFVEEFGTQNKVVTGPPHNRHMYGLTGAQFRNLFEAFIRRYAAPGSPKHARAMALVAVMMPLVATSMIAYPPYSYPHDDGYYYNYAANRYVTYAERQRAKEVAYVLFGAVYTRFMALQRMVAPPGEIIEYAM,"B4,B7,B11,B29,B30,B32,B33,B35,B36,B86,B87,B88,B89,B90,B91,B92,B94,B99,B110,B111,B114,B118",0.74,0.69,0.25,0.51,0.59,0.65,0.85,9,0,-320.39,0.58,0.53,0.62,-32.34,1753.76,-1.84,24.7,45.45,22,7,31.82,3,13.64,37.5,18.75,43.75,65.75,7.53,26.71,"{'A': 0, 'C': 0, 'D': 2, 'E': 0, 'F': 0, 'G': 2, 'H': 3, 'I': 0, 'K': 1, 'L': 0, 'M': 2, 'N': 1, 'P': 3, 'Q': 1, 'R': 1, 'S': 1, 'T': 0, 'V': 0, 'W': 0, 'Y': 5}",0.74,"0 hours, 41 minutes, 13 seconds",,bindcraftchainamotif,default_filters,default_4stage_multimer
bindcraftchainamotif_l105_s478357,4stage,105,478357,-0.3,"A70,A104,A166,A237,A170,A234,A235,A238,A239",SLYPEYMDRMKKWYIKIFTIEYQAASDMTPASLTSQFDMAKNTAHNPFDVYWMMREKRWQIDEAMKSAAPTFGMDPNKRPEELSTEMANKNVKVVMTGGNYVVVS,"B3,B5,B6,B9,B10,B13,B43,B45,B46,B47,B48,B49,B51,B52,B53,B55,B56,B59",0.58,0.7,0.12,0.7,0.85,0.89,0.9,1,0,-258.18,0.38,0.57,0.66,-50.99,1988.81,-2.56,37.89,55.56,18,10,55.56,8,44.44,82.35,0,17.65,68.57,9.52,21.9,"{'A': 0, 'C': 0, 'D': 1, 'E': 2, 'F': 1, 'G': 0, 'H': 1, 'I': 0, 'K': 0, 'L': 0, 'M': 2, 'N': 1, 'P': 1, 'Q': 0, 'R': 2, 'S': 0, 'T': 1, 'V': 0, 'W': 3, 'Y': 3}",0.75,"0 hours, 12 minutes, 6 seconds",,bindcraftchainamotif,default_filters,default_4stage_multimer
bindcraftchainamotif_l114_s707800,4stage,114,707800,-0.3,"A70,A104,A166,A237,A170,A234,A235,A238,A239",NADESRGHYGAISIYYYDYWTYVMIMAEEWDEAEAEYWVVHLARRETDMVADYMPTERQPHYHESVAEMMEKSIEVVRKRFPNMNPAMAAGLEVLTAVAATMKAMVAEVMARMG,"B8,B10,B11,B12,B14,B15,B16,B17,B18,B19,B21,B22,B25,B34,B37,B38,B45,B49,B58,B59,B61,B62,B65,B72",0.68,0.73,0.27,0.55,0.61,0.74,0.84,14,0,-233.79,0.42,0.45,0.59,-44.32,2438.95,-1.82,44.17,54.17,24,9,37.5,7,29.17,86.96,0,13.04,82.46,0,17.54,"{'A': 1, 'C': 0, 'D': 1, 'E': 1, 'F': 0, 'G': 1, 'H': 2, 'I': 3, 'K': 1, 'L': 0, 'M': 1, 'N': 0, 'P': 0, 'Q': 1, 'R': 2, 'S': 1, 'T': 1, 'V': 0, 'W': 1, 'Y': 7}",0.75,"0 hours, 14 minutes, 30 seconds",,bindcraftchainamotif,default_filters,default_4stage_multimer
bindcraftchainamotif_l100_s157707,4stage,100,157707,-0.3,"A70,A104,A166,A237,A170,A234,A235,A238,A239",PPTVAQVVGQHRTTMTRMMERARQNPNWMYFVAHYMHFVLEDLRKIVDPTDPAQVKEVYEQMMPYMTRAELEEIYDQMPKYLTPDMWQANEPMMRQMLKF,"B10,B11,B13,B14,B17,B18,B21,B25,B27,B28,B30,B31,B34,B35,B38,B42,B80,B81,B82,B83,B85,B86",0.89,0.9,0.79,0.19,0.21,0.89,0.92,10,1,-265.24,0.32,0.47,0.63,-45.3,2154.14,-2.1,45.23,40.91,22,8,36.36,7,31.82,93.75,0,6.25,78,0,22,"{'A': 0, 'C': 0, 'D': 2, 'E': 0, 'F': 2, 'G': 0, 'H': 2, 'I': 0, 'K': 1, 'L': 1, 'M': 2, 'N': 2, 'P': 0, 'Q': 1, 'R': 2, 'S': 0, 'T': 3, 'V': 0, 'W': 1, 'Y': 3}",0.78,"0 hours, 13 minutes, 5 seconds",Relaxed structure contains clashes.,bindcraftchainamotif,default_filters,default_4stage_multimer
bindcraftchainamotif_l46_s279351,4stage,46,279351,-0.3,"A70,A104,A166,A237,A170,A234,A235,A238,A239",SVSSTQYTPEFRAEYEYQVKAGKVDPDKVSFKEYVEQMVDDYERDL,"B2,B5,B6,B7,B8,B9,B10,B11,B12,B13,B14,B16,B17,B18,B20,B35,B38,B39,B40,B41,B42,B43,B45,B46",0.46,0.82,0.15,0.72,0.81,0.82,0.86,5,0,-113.84,0.32,0.7,0.66,-69.4,2155.57,-3.22,77.86,45.83,24,7,29.17,3,12.5,78.95,0,21.05,65.22,0,34.78,"{'A': 1, 'C': 0, 'D': 3, 'E': 4, 'F': 1, 'G': 0, 'H': 0, 'I': 0, 'K': 1, 'L': 1, 'M': 1, 'N': 0, 'P': 1, 'Q': 2, 'R': 1, 'S': 0, 'T': 2, 'V': 3, 'W': 0, 'Y': 3}",0.82,"0 hours, 9 minutes, 16 seconds",,bindcraftchainamotif,default_filters,default_4stage_multimer
bindcraftchainamotif_l144_s112032,4stage,144,112032,-0.3,"A70,A104,A166,A237,A170,A234,A235,A238,A239",MMDPDDTYKWGIKNFGSAIRYILEQFAEHPDWSEDQRQDMVQHYMHEYHLDIRAQSREIVRDYPEDADLVQTFKALEMFTQMAVSTNREKRDAVYQFIHELEVNKGDMKEAFLTHPSPWIRQVWGELNAHMPEDVMIQMHDDVS,"B2,B10,B13,B14,B17,B18,B21,B35,B39,B40,B42,B43,B44,B46,B47,B48,B49,B50,B51,B53,B54,B57,B58,B61,B81,B84,B85,B86,B91",0.89,0.92,0.88,0.14,0.13,0.92,0.93,7,0,-359.44,0.29,0.52,0.63,-63.31,2555.58,-2.48,38.62,34.48,29,14,48.28,6,20.69,82.61,0,17.39,81.94,0,18.06,"{'A': 2, 'C': 0, 'D': 3, 'E': 2, 'F': 0, 'G': 0, 'H': 3, 'I': 0, 'K': 1, 'L': 1, 'M': 2, 'N': 1, 'P': 0, 'Q': 2, 'R': 4, 'S': 2, 'T': 1, 'V': 1, 'W': 1, 'Y': 3}",0.81,"0 hours, 41 minutes, 7 seconds",,bindcraftchainamotif,default_filters,default_4stage_multimer
bindcraftchainamotif_l86_s4453,4stage,86,4453,-0.3,"A70,A104,A166,A237,A170,A234,A235,A238,A239",PPITYYDLYEMLGNGTGYVPGAAFSDEVWVIADFVAGVRAGNVVGVSVDYDYDTRKYVIHVYTAESEMPWMSLSKEEMVVMMSALS,"B1,B2,B3,B4,B5,B6,B7,B9,B15,B16,B18,B19,B20,B21,B22,B24,B25,B26,B47,B48,B49,B50,B51,B52,B53,B55,B57,B58,B60,B62,B68,B70,B75",0.71,0.91,0.79,0.26,0.24,0.84,0.89,4,1,-234.61,0.52,0.65,0.63,-73.89,2831.4,-2.61,74.03,57.58,33,13,39.39,11,33.33,16,48,36,33.72,34.88,31.4,"{'A': 1, 'C': 0, 'D': 5, 'E': 0, 'F': 1, 'G': 2, 'H': 1, 'I': 1, 'K': 1, 'L': 0, 'M': 1, 'N': 0, 'P': 3, 'Q': 0, 'R': 1, 'S': 2, 'T': 2, 'V': 3, 'W': 1, 'Y': 8}",0.76,"0 hours, 15 minutes, 58 seconds",Relaxed structure contains clashes.,bindcraftchainamotif,default_filters,default_4stage_multimer
bindcraftchainamotif_l144_s79678,4stage,144,79678,-0.3,"A70,A104,A166,A237,A170,A234,A235,A238,A239",SMEAFVVQMASIHREIFAEMMRYYAEPDREYRLEHHPRLHPDTMFGKMFGEESAPLRELVQEMMITGEITESRMSEFDTLMVEVVAQSVERSVANPAEYDARMQETINMVPNWYANSERERYAPWKAVKALLMEVDSLMKAYMM,"B26,B27,B28,B30,B31,B32,B35,B36,B37,B38,B39,B109,B110,B111,B112,B113,B114,B119,B121,B122",0.82,0.73,0.41,0.4,0.45,0.76,0.89,19,0,-325.46,0.41,0.54,0.68,-30.06,1754.5,-1.71,25.94,50,20,8,40,1,5,70.59,0,29.41,86.11,0,13.89,"{'A': 0, 'C': 0, 'D': 1, 'E': 2, 'F': 0, 'G': 0, 'H': 2, 'I': 0, 'K': 0, 'L': 1, 'M': 1, 'N': 1, 'P': 3, 'Q': 0, 'R': 4, 'S': 0, 'T': 0, 'V': 1, 'W': 1, 'Y': 3}",0.76,"0 hours, 40 minutes, 51 seconds",,bindcraftchainamotif,default_filters,default_4stage_multimer
bindcraftchainamotif_l46_s734540,4stage,46,734540,-0.3,"A70,A104,A166,A237,A170,A234,A235,A238,A239",WAFDPEHWEYYTEEEKEFFIKHMKYYMKFDTPEGSAKWQAFIDQVE,"B1,B2,B3,B14,B15,B18,B19,B22,B25,B26,B28,B29,B30,B31,B33,B34,B38",0.27,0.82,0.14,0.79,0.79,0.87,0.88,5,0,-100.59,0.3,0.59,0.59,-48.49,1856.93,-2.61,63.07,52.94,17,4,23.53,2,11.76,72.73,0,27.27,80.43,0,19.57,"{'A': 1, 'C': 0, 'D': 1, 'E': 3, 'F': 4, 'G': 1, 'H': 1, 'I': 0, 'K': 1, 'L': 0, 'M': 0, 'N': 0, 'P': 0, 'Q': 0, 'R': 0, 'S': 0, 'T': 1, 'V': 0, 'W': 2, 'Y': 2}",0.77,"0 hours, 9 minutes, 18 seconds",,bindcraftchainamotif,default_filters,default_4stage_multimer
bindcraftchainamotif_l132_s512154,4stage,132,512154,-0.3,"A70,A104,A166,A237,A170,A234,A235,A238,A239",MPPLNLPPPKMSLKHYFMTGQTMAPQEFVAMMMRPGAMKEMYADVDKGVLAKRPNIGDLADRMAEFWIVGVKHGIWLDWWYIYEHQNYMVNKIANQMDPKREKEFRELGREMYRRVYRAHSDVMYQEFLALD,"B39,B77,B78,B79,B80,B81,B83,B84,B85,B113,B117,B120,B121,B122,B124,B125,B127,B128,B131,B132",0.88,0.9,0.85,0.18,0.18,0.91,0.93,6,0,-332.59,0.46,0.67,0.67,-63.59,2180.04,-2.92,32.96,55,20,11,55,3,15,76.47,0,23.53,70.45,0,29.55,"{'A': 0, 'C': 0, 'D': 3, 'E': 2, 'F': 1, 'G': 0, 'H': 2, 'I': 0, 'K': 1, 'L': 2, 'M': 1, 'N': 0, 'P': 0, 'Q': 0, 'R': 0, 'S': 1, 'T': 0, 'V': 0, 'W': 2, 'Y': 5}",0.8,"0 hours, 38 minutes, 23 seconds",,bindcraftchainamotif,default_filters,default_4stage_multimer
bindcraftchainamotif_l102_s656988,4stage,102,656988,-0.3,"A70,A104,A166,A237,A170,A234,A235,A238,A239",MMSPAEMDKEKLRTKQERTAELKVEIVGKMEDMNMPGGVVKQVASDFEVVENAEDLDQWKELSKALMKKIMRAFRDFDPESSQTYVNMEYVYWQFREMRRMP,"B67,B68,B71,B72,B75,B76,B82,B85,B86,B88,B89,B90,B92,B93,B94,B96,B97,B99,B100",0.78,0.87,0.67,0.28,0.27,0.92,0.95,18,0,-254.31,0.39,0.59,0.65,-47.54,1974.92,-2.41,35.15,42.11,19,10,52.63,2,10.53,93.75,0,6.25,83.33,0,16.67,"{'A': 0, 'C': 0, 'D': 1, 'E': 2, 'F': 0, 'G': 0, 'H': 0, 'I': 0, 'K': 1, 'L': 0, 'M': 3, 'N': 0, 'P': 0, 'Q': 1, 'R': 5, 'S': 1, 'T': 0, 'V': 1, 'W': 1, 'Y': 3}",0.78,"0 hours, 13 minutes, 55 seconds",,bindcraftchainamotif,default_filters,default_4stage_multimer
bindcraftchainamotif_l120_s926612,4stage,120,926612,-0.3,"A70,A104,A166,A237,A170,A234,A235,A238,A239",SVQAQIEVFIAMYETDPAKWQDSVTRYGRKMASNLVEGFENSKNRPEVEFPRVKQNLQDMKKVQIAAFRYVMRNTEDDADWYAAHDMYYEFYDIRHWAMYRLMTEYKHRGMEVTREEMMM,"B29,B61,B65,B68,B69,B72,B73,B78,B81,B82,B85,B86,B88,B89,B90,B92,B93,B96,B100,B115",0.82,0.9,0.8,0.21,0.19,0.93,0.95,6,0,-306.32,0.32,0.49,0.59,-49.08,2223.13,-2.21,35.78,45,20,7,35,3,15,100,0,0,86.67,0,13.33,"{'A': 0, 'C': 0, 'D': 3, 'E': 1, 'F': 1, 'G': 0, 'H': 2, 'I': 1, 'K': 1, 'L': 0, 'M': 1, 'N': 0, 'P': 0, 'Q': 0, 'R': 4, 'S': 0, 'T': 0, 'V': 0, 'W': 1, 'Y': 5}",0.73,"0 hours, 14 minutes, 54 seconds",,bindcraftchainamotif,default_filters,default_4stage_multimer
bindcraftchainamotif_l71_s606077,4stage,71,606077,-0.3,"A70,A104,A166,A237,A170,A234,A235,A238,A239",MMPPAEIRAGIQAYVARGMDLDYAMYHWGYRVAHEQTRTTVSDDWNDPASMQAWYEAHMEATREGYQVWQM,"B14,B17,B18,B19,B20,B22,B23,B26,B27,B30,B31,B34,B43,B45,B46,B48,B51,B54,B55,B59,B62,B63,B66",0.5,0.77,0.17,0.68,0.73,0.8,0.87,12,0,-153.23,0.48,0.61,0.71,-44.42,2153.62,-2.06,58.72,52.17,23,9,39.13,1,4.35,66.67,0,33.33,74.65,0,25.35,"{'A': 0, 'C': 0, 'D': 3, 'E': 0, 'F': 0, 'G': 1, 'H': 2, 'I': 0, 'K': 0, 'L': 0, 'M': 3, 'N': 1, 'P': 1, 'Q': 0, 'R': 3, 'S': 0, 'T': 1, 'V': 0, 'W': 2, 'Y': 6}",0.77,"0 hours, 11 minutes, 6 seconds",,bindcraftchainamotif,default_filters,default_4stage_multimer
bindcraftchainamotif_l144_s116508,4stage,144,116508,-0.3,"A70,A104,A166,A237,A170,A234,A235,A238,A239",SDDIKFGIKITGELVADVTERHQSGVPYEVVKYDVQHRFMRIFEKILRAPTVNRKKMTIAMMSHVAVMFVVHKLYNIPLRDVEDMPYQTHHDLWWLAPDRQHKEVVRDAYHEGDNAVEYMTAKIRGETPPARITFAQLMEEVVS,"B33,B36,B37,B40,B41,B44,B83,B84,B87,B88,B90,B91,B92,B94,B95,B96,B103,B107,B110,B111,B114",0.48,0.65,0.14,0.71,0.82,0.85,0.9,11,0,-252.21,0.28,0.53,0.57,-47.49,1919.46,-2.47,27.19,33.33,21,9,42.86,2,9.52,88.89,0,11.11,74.31,0,25.69,"{'A': 0, 'C': 0, 'D': 3, 'E': 2, 'F': 0, 'G': 0, 'H': 4, 'I': 0, 'K': 1, 'L': 1, 'M': 1, 'N': 0, 'P': 0, 'Q': 2, 'R': 2, 'S': 0, 'T': 0, 'V': 0, 'W': 2, 'Y': 3}",0.75,"0 hours, 40 minutes, 51 seconds",,bindcraftchainamotif,default_filters,default_4stage_multimer
bindcraftchainamotif_l62_s752647,4stage,62,752647,-0.3,"A70,A104,A166,A237,A170,A234,A235,A238,A239",VWQNLDNLEPMEAMTVFMRQIMKPWTHEDYVKRGGYYPTKKAQMRRIMRNMPIVVKKMMAAM,"B1,B2,B3,B4,B25,B27,B30,B31,B32,B33,B34,B35,B36,B37,B39,B42,B45,B49",0.41,0.79,0.17,0.73,0.79,0.64,0.8,20,0,-106.86,0.55,0.45,0.58,-31.57,1576.03,-2,37.93,44.44,18,3,16.67,6,33.33,43.75,0,56.25,70.97,0,29.03,"{'A': 1, 'C': 0, 'D': 0, 'E': 0, 'F': 0, 'G': 2, 'H': 1, 'I': 0, 'K': 1, 'L': 0, 'M': 0, 'N': 1, 'P': 0, 'Q': 1, 'R': 3, 'S': 0, 'T': 1, 'V': 2, 'W': 2, 'Y': 3}",0.75,"0 hours, 10 minutes, 38 seconds",,bindcraftchainamotif,default_filters,default_4stage_multimer
bindcraftchainamotif_l86_s287747,4stage,86,287747,-0.3,"A70,A104,A166,A237,A170,A234,A235,A238,A239",GWTYDNLMNVFDRVMKMAHPDERRIILSKRYRKYRREGDRPMVQIYRVMVNAAMMDPAERAAYMPKVRAVMRESLPQHAAMHGQKG,"B19,B21,B22,B24,B25,B28,B29,B31,B32,B35,B36,B47,B50,B51,B54,B55,B59,B63",0.73,0.87,0.68,0.29,0.28,0.93,0.95,8,0,-185.88,0.43,0.64,0.58,-26.87,1755.97,-1.53,39.09,33.33,18,5,27.78,4,22.22,89.47,0,10.53,80.23,0,19.77,"{'A': 0, 'C': 0, 'D': 1, 'E': 2, 'F': 0, 'G': 0, 'H': 1, 'I': 1, 'K': 1, 'L': 0, 'M': 2, 'N': 1, 'P': 0, 'Q': 0, 'R': 5, 'S': 1, 'T': 0, 'V': 1, 'W': 0, 'Y': 2}",0.79,"0 hours, 12 minutes, 1 seconds",,bindcraftchainamotif,default_filters,default_4stage_multimer
bindcraftchainamotif_l125_s894582,4stage,125,894582,-0.3,"A70,A104,A166,A237,A170,A234,A235,A238,A239",MPLVERATEDRQKARKAMYNMTPQGYYWMYQVYSQMRWMVSIIRESEDDRLRSAIYQVLVEDTQVIVAAAKAVPPTPDGVPTAAQYAALVEAEKEIMRLRKRVWEVAKNTDGPAAQKYMDRSHIP,"B11,B15,B19,B23,B24,B26,B27,B28,B30,B31,B33,B35,B37,B38,B78,B79,B80,B86,B90,B93,B94,B97,B104,B119,B120,B121,B122,B123,B124,B125",0.82,0.8,0.49,0.33,0.39,0.89,0.94,4,0,-314.47,0.41,0.59,0.63,-50.15,2445.67,-2.05,42.08,53.33,30,10,33.33,8,26.67,70,0,30,78.4,0,21.6,"{'A': 0, 'C': 0, 'D': 2, 'E': 1, 'F': 0, 'G': 1, 'H': 1, 'I': 1, 'K': 1, 'L': 0, 'M': 2, 'N': 0, 'P': 2, 'Q': 3, 'R': 4, 'S': 1, 'T': 0, 'V': 2, 'W': 3, 'Y': 6}",0.76,"0 hours, 38 minutes, 7 seconds",,bindcraftchainamotif,default_filters,default_4stage_multimer
bindcraftchainamotif_l48_s620283,4stage,48,620283,-0.3,"A70,A104,A166,A237,A170,A234,A235,A238,A239",PTIDYKAMSDYQLMYSYYMEIEREEEETGQPVNPSEYWRAHKDLFWPE,"B10,B11,B13,B14,B15,B17,B18,B21,B22,B25,B32,B33,B34,B35,B38,B39,B46,B48",0.57,0.89,0.57,0.4,0.38,0.86,0.86,14,0,-115.19,0.44,0.55,0.66,-33.98,1877.76,-1.81,58.94,61.11,18,3,16.67,4,22.22,92.86,0,7.14,70.83,0,29.17,"{'A': 0, 'C': 0, 'D': 1, 'E': 3, 'F': 0, 'G': 0, 'H': 0, 'I': 1, 'K': 0, 'L': 1, 'M': 1, 'N': 1, 'P': 1, 'Q': 0, 'R': 1, 'S': 1, 'T': 0, 'V': 1, 'W': 2, 'Y': 4}",0.73,"0 hours, 9 minutes, 12 seconds",,bindcraftchainamotif,default_filters,default_4stage_multimer
bindcraftchainamotif_l132_s652112,4stage,132,652112,-0.3,"A70,A104,A166,A237,A170,A234,A235,A238,A239",SAVRAQVMAEMVTLMPRYNLYHRSPYHVQKVMEATGMENEAAARTEQHAQHEVVHAELMAVIEYGMANMSVADFVSMIKEFPKVMWAKNIRVSHLAFVFKEMSATSTDAAKAAVYHAQMQYFYYEFYGGYNM,"B18,B22,B23,B24,B25,B26,B27,B44,B48,B83,B86,B89,B90,B91,B92,B93,B94,B96,B97,B100,B123,B124,B125,B126,B127,B128,B129,B130,B131,B132",0.91,0.92,0.86,0.15,0.13,0.87,0.95,15,0,-282.48,0.51,0.61,0.73,-66.64,2699.72,-2.47,45.2,46.67,30,10,33.33,5,16.67,52.38,0,47.62,80.3,0,19.7,"{'A': 1, 'C': 0, 'D': 0, 'E': 1, 'F': 2, 'G': 2, 'H': 4, 'I': 1, 'K': 2, 'L': 0, 'M': 1, 'N': 2, 'P': 1, 'Q': 0, 'R': 3, 'S': 2, 'T': 0, 'V': 1, 'W': 1, 'Y': 6}",0.72,"0 hours, 36 minutes, 55 seconds",,bindcraftchainamotif,default_filters,default_4stage_multimer
bindcraftchainamotif_l78_s948673,4stage,78,948673,-0.3,"A70,A104,A166,A237,A170,A234,A235,A238,A239",GMMTIDEIIEETMADIIDKYPWNNDPYWIYYKKNFLKRRVEFMQNGIEVHPRFTFGRHIYQDIMEEFDKKVKAVIANM,"B22,B23,B25,B27,B28,B31,B32,B35,B38,B42,B47,B48,B49,B50,B52,B53,B54,B55,B56,B57,B58,B59,B60",0.72,0.82,0.42,0.45,0.47,0.73,0.9,7,0,-195.51,0.41,0.52,0.68,-53.97,2002.41,-2.7,44.68,52.17,23,10,43.48,3,13.04,38.1,0,61.9,67.95,0,32.05,"{'A': 0, 'C': 0, 'D': 1, 'E': 1, 'F': 4, 'G': 1, 'H': 2, 'I': 2, 'K': 1, 'L': 0, 'M': 0, 'N': 1, 'P': 0, 'Q': 0, 'R': 3, 'S': 0, 'T': 1, 'V': 1, 'W': 2, 'Y': 3}",0.72,"0 hours, 10 minutes, 49 seconds",,bindcraftchainamotif,default_filters,default_4stage_multimer
bindcraftchainamotif_l131_s29728,4stage,131,29728,-0.3,"A70,A104,A166,A237,A170,A234,A235,A238,A239",MPQQQKRFVQEYRTWQSAMGKYTRDVRTNPDFGMPKPGVWEEAKVRTQRVAALMRTVVISDYVYYYMHHKMYYEGHEAKREYKETNSPGAQFRYRMMGEVTKEFSKTRGQGHAGHFERMAEVMTTAMDTAA,"B16,B20,B23,B24,B27,B61,B62,B65,B66,B68,B69,B70,B72,B73,B74,B76,B77,B80,B84,B108",0.66,0.84,0.68,0.35,0.34,0.77,0.75,13,0,-277.68,0.32,0.54,0.6,-43.03,2354.21,-1.83,36.46,25,20,6,30,1,5,94.74,0,5.26,80.92,0,19.08,"{'A': 0, 'C': 0, 'D': 1, 'E': 3, 'F': 0, 'G': 1, 'H': 3, 'I': 0, 'K': 1, 'L': 0, 'M': 0, 'N': 0, 'P': 0, 'Q': 1, 'R': 4, 'S': 0, 'T': 1, 'V': 0, 'W': 0, 'Y': 5}",0.76,"0 hours, 36 minutes, 37 seconds",,bindcraftchainamotif,default_filters,default_4stage_multimer
bindcraftchainamotif_l107_s213522,4stage,107,213522,-0.3,"A70,A104,A166,A237,A170,A234,A235,A238,A239",SIKLTPKERDVMIELLEAHYERMEDVMKDYPDIHHLNYYTHSYIYDDMDAFRRKTPDTDGAEIKRVKSVMSREATRVFNKAEDKGGDIERMKEARAEWITVMKAKIM,"B30,B32,B34,B35,B37,B38,B39,B41,B42,B43,B45,B46,B49,B52,B53,B64,B67,B68,B71,B72,B75,B76,B79,B82,B83",0.9,0.93,0.9,0.13,0.11,0.95,0.95,5,1,-274.2,0.27,0.56,0.61,-54.48,2514.45,-2.17,48.86,20,25,10,40,4,16,95.45,0,4.55,83.18,0,16.82,"{'A': 0, 'C': 0, 'D': 4, 'E': 1, 'F': 0, 'G': 0, 'H': 3, 'I': 0, 'K': 2, 'L': 0, 'M': 0, 'N': 2, 'P': 0, 'Q': 0, 'R': 4, 'S': 3, 'T': 1, 'V': 0, 'W': 0, 'Y': 5}",0.76,"0 hours, 13 minutes, 34 seconds",Relaxed structure contains clashes.,bindcraftchainamotif,default_filters,default_4stage_multimer
bindcraftchainamotif_l121_s559015,4stage,121,559015,-0.3,"A70,A104,A166,A237,A170,A234,A235,A238,A239",REVLVATMRTALETVLNRVYWRAINVVWVHWYTKGSMWPAFRARWPAAMAVLVVAVGGAAMVMSREESERLVEAFFTRMREFFTKQVERMYGMTPAEHAMHMVVLNTWEEVLLAVIEAAHP,"B14,B17,B18,B21,B22,B24,B25,B28,B29,B31,B32,B33,B35,B82,B89,B90,B91,B92",0.65,0.71,0.2,0.59,0.7,0.84,0.93,3,0,-288.94,0.51,0.56,0.65,-48.21,1947.81,-2.48,32.93,50,18,9,50,3,16.67,71.43,0,28.57,86.78,0,13.22,"{'A': 0, 'C': 0, 'D': 0, 'E': 0, 'F': 1, 'G': 2, 'H': 0, 'I': 1, 'K': 0, 'L': 0, 'M': 1, 'N': 2, 'P': 0, 'Q': 0, 'R': 3, 'S': 0, 'T': 2, 'V': 1, 'W': 3, 'Y': 2}",0.75,"0 hours, 13 minutes, 2 seconds",,bindcraftchainamotif,default_filters,default_4stage_multimer
bindcraftchainamotif_l123_s507169,4stage,123,507169,-0.3,"A70,A104,A166,A237,A170,A234,A235,A238,A239",SAARKAEIQEIVKIMVTYMVHSIRYPRHYNEYDMYMMWVAKQKAAAMSAEVREEIITLALRQLMEAVVAMTGTPKGPFNNIINAPVSLKQRVESMERLMETIFGAPTEGQKDFFHAMRQLVEM,"B27,B28,B29,B30,B31,B32,B33,B34,B35,B38,B41,B108,B111,B112,B115,B119",0.9,0.89,0.79,0.2,0.21,0.85,0.95,17,0,-328.8,0.41,0.59,0.64,-37.19,1623.73,-2.29,27.38,31.25,16,5,31.25,5,31.25,71.43,0,28.57,80.49,0,19.51,"{'A': 0, 'C': 0, 'D': 2, 'E': 2, 'F': 0, 'G': 0, 'H': 2, 'I': 0, 'K': 2, 'L': 0, 'M': 1, 'N': 1, 'P': 0, 'Q': 1, 'R': 1, 'S': 0, 'T': 0, 'V': 0, 'W': 1, 'Y': 3}",0.76,"0 hours, 35 minutes, 40 seconds",,bindcraftchainamotif,default_filters,default_4stage_multimer
bindcraftchainamotif_l146_s431872,4stage,146,431872,-0.3,"A70,A104,A166,A237,A170,A234,A235,A238,A239",MVMNDKQFAWLEKHFDAVIAVVLAWSKKTTGFVSEYTIYYADHGVRHAIYWMKEIAAEDPGATIEEVMAGSYEQMTKRHFPVVVVIAYFDEGGELVFVVVAVHPISRYYFPPEQREAWRAKFFADAEENVAFMMAALAAQPGVELP,"B39,B40,B43,B46,B47,B50,B51,B78,B79,B80,B81,B107,B108,B109,B111,B112,B113,B115",0.71,0.86,0.73,0.27,0.26,0.79,0.82,4,0,-379.68,0.49,0.63,0.72,-41.91,1844.27,-2.27,26.41,55.56,18,8,44.44,0,0,56.25,0,43.75,61.64,11.64,26.71,"{'A': 0, 'C': 0, 'D': 0, 'E': 1, 'F': 1, 'G': 0, 'H': 3, 'I': 0, 'K': 0, 'L': 0, 'M': 0, 'N': 0, 'P': 3, 'Q': 0, 'R': 4, 'S': 0, 'T': 0, 'V': 0, 'W': 1, 'Y': 5}",0.71,"0 hours, 40 minutes, 39 seconds",,bindcraftchainamotif,default_filters,default_4stage_multimer
bindcraftchainamotif_l65_s334510,4stage,65,334510,-0.3,"A70,A104,A166,A237,A170,A234,A235,A238,A239",MLTMDDFRRMSVPEVRREMPRFLVARKAYYQTHYHWGDPYVREYWEERLRRYRVELEAMLAPPPP,"B26,B29,B30,B31,B32,B33,B34,B35,B36,B37,B38,B39,B40,B41,B44,B45,B48",0.85,0.91,0.77,0.2,0.19,0.83,0.92,8,0,-148.82,0.42,0.58,0.68,-30.3,1506.95,-2.01,35.33,52.94,17,3,17.65,2,11.76,64.29,0,35.71,73.85,0,26.15,"{'A': 0, 'C': 0, 'D': 1, 'E': 0, 'F': 0, 'G': 1, 'H': 2, 'I': 0, 'K': 0, 'L': 0, 'M': 0, 'N': 0, 'P': 1, 'Q': 1, 'R': 2, 'S': 0, 'T': 1, 'V': 1, 'W': 2, 'Y': 5}",0.75,"0 hours, 9 minutes, 22 seconds",,bindcraftchainamotif,default_filters,default_4stage_multimer
bindcraftchainamotif_l123_s938555,4stage,123,938555,-0.3,"A70,A104,A166,A237,A170,A234,A235,A238,A239",ELRNNVRKTETEIRDVMEFDAQMQQGAIYFSHTSYMELLRRVIKVLISMKRVLRMAAESGQWPDGAMSPHEFMSAGRRMVEIVDENTARMDAYYRYYYYPPEYIEEHQRMLEEFQEVAEPFTP,"B27,B28,B29,B31,B32,B33,B93,B95,B96,B97,B98,B99,B100,B101,B102,B103,B106",0.9,0.84,0.63,0.26,0.29,0.78,0.93,9,0,-297.49,0.33,0.6,0.71,-31.73,1688.44,-1.88,25.24,64.71,17,7,41.18,2,11.76,53.85,0,46.15,82.11,0,17.89,"{'A': 1, 'C': 0, 'D': 0, 'E': 2, 'F': 0, 'G': 0, 'H': 1, 'I': 1, 'K': 0, 'L': 0, 'M': 0, 'N': 0, 'P': 2, 'Q': 0, 'R': 1, 'S': 1, 'T': 1, 'V': 0, 'W': 0, 'Y': 7}",0.73,"0 hours, 35 minutes, 32 seconds",,bindcraftchainamotif,default_filters,default_4stage_multimer
bindcraftchainamotif_l136_s937917,4stage,136,937917,-0.3,"A70,A104,A166,A237,A170,A234,A235,A238,A239",SPLMAMLEVMIRATGKFKANYVPSMPNFKIREEMGRIARQMERLMEELRELIRVYEGGSGEERKRARATIVVVMWILIPVVQEMVEVMEHMVEKRRTPYYPYYGYNVEQYYPREAEVRVFRWFGRFLRVWHAEMSP,"B25,B26,B27,B28,B29,B31,B94,B97,B98,B99,B100,B101,B102,B103,B104,B105",0.78,0.71,0.27,0.5,0.59,0.51,0.86,49,0,-292.31,0.41,0.59,0.65,-33.08,1598.88,-2.07,22.3,62.5,16,5,31.25,3,18.75,58.33,0,41.67,86.03,0,13.97,"{'A': 0, 'C': 0, 'D': 0, 'E': 0, 'F': 1, 'G': 1, 'H': 0, 'I': 0, 'K': 2, 'L': 0, 'M': 1, 'N': 1, 'P': 3, 'Q': 0, 'R': 1, 'S': 0, 'T': 1, 'V': 0, 'W': 0, 'Y': 5}",0.75,"0 hours, 37 minutes, 48 seconds",,bindcraftchainamotif,default_filters,default_4stage_multimer
bindcraftchainamotif_l102_s191301,4stage,102,191301,-0.3,"A70,A104,A166,A237,A170,A234,A235,A238,A239",MVTDQQVESYVREVFAQHPQISEAMENVAIAVLIAIIPKYEAEFPHWYPDDMGLMTHMMVRDLRKKVPAAAKKEGLPEASATAAVKVLTTPKHMREIMEMMM,"B42,B43,B44,B45,B46,B48,B49,B50,B51,B52,B53,B54,B56,B57,B58,B60,B61,B90,B91,B92,B94,B95",0.9,0.91,0.82,0.18,0.17,0.87,0.95,14,0,-244.03,0.45,0.54,0.65,-29.19,2023.18,-1.44,39.7,50,22,10,45.45,5,22.73,78.95,0,21.05,79.41,0,20.59,"{'A': 1, 'C': 0, 'D': 2, 'E': 1, 'F': 1, 'G': 1, 'H': 2, 'I': 0, 'K': 1, 'L': 1, 'M': 3, 'N': 0, 'P': 3, 'Q': 0, 'R': 2, 'S': 0, 'T': 2, 'V': 1, 'W': 0, 'Y': 1}",0.78,"0 hours, 13 minutes, 34 seconds",,bindcraftchainamotif,default_filters,default_4stage_multimer
bindcraftchainamotif_l58_s413758,4stage,58,413758,-0.3,"A70,A104,A166,A237,A170,A234,A235,A238,A239",SVVAAFKKAHKIYTRAMYEDEYTGGTGVWTDVDKEAEVIHQKFLWSNPDENPYKLMRN,"B10,B13,B14,B17,B18,B20,B21,B22,B24,B25,B29,B34,B37,B38,B40,B41,B42,B44,B45,B47,B48,B50,B51,B52,B53,B57",0.46,0.81,0.26,0.63,0.63,0.82,0.89,12,0,-114.95,0.43,0.55,0.61,-57.07,2406.86,-2.37,74.34,42.31,26,12,46.15,1,3.85,68,0,32,74.14,0,25.86,"{'A': 0, 'C': 0, 'D': 1, 'E': 3, 'F': 0, 'G': 2, 'H': 2, 'I': 0, 'K': 2, 'L': 1, 'M': 1, 'N': 2, 'P': 2, 'Q': 1, 'R': 1, 'S': 0, 'T': 1, 'V': 1, 'W': 2, 'Y': 4}",0.8,"0 hours, 10 minutes, 8 seconds",,bindcraftchainamotif,default_filters,default_4stage_multimer
bindcraftchainamotif_l91_s846133,4stage,91,846133,-0.3,"A70,A104,A166,A237,A170,A234,A235,A238,A239",TPMMALANAFQNLLRKLAPTYAQAKSLPEVDGYYPWHAWAVMYNYWSIRWKVRRIMRGEPMDVAYLREMYHWYEKRVPILIEVRERKMAAM,"B29,B32,B33,B34,B35,B36,B39,B40,B42,B43,B46,B47,B50,B51,B54,B57,B65,B68,B69,B72,B73,B76,B79",0.82,0.89,0.73,0.22,0.21,0.81,0.86,22,0,-214.28,0.57,0.55,0.62,-43.37,2417.38,-1.79,51.15,65.22,23,6,26.09,5,21.74,88.24,0,11.76,80.22,0,19.78,"{'A': 1, 'C': 0, 'D': 0, 'E': 2, 'F': 0, 'G': 1, 'H': 0, 'I': 1, 'K': 1, 'L': 0, 'M': 2, 'N': 0, 'P': 1, 'Q': 0, 'R': 3, 'S': 1, 'T': 0, 'V': 0, 'W': 5, 'Y': 5}",0.75,"0 hours, 12 minutes, 24 seconds",,bindcraftchainamotif,default_filters,default_4stage_multimer
bindcraftchainamotif_l122_s579099,4stage,122,579099,-0.3,"A70,A104,A166,A237,A170,A234,A235,A238,A239",MAMTFEEMVNRVTAEMGGWFKTLAATIKKNAPNGEPWGVWKAFDAIGWDEVRKARRKLFRLADHNTWSMYAVFIAIMQRLGLTPKMINHALEVFHPHYWDYMYAHWITTWDDFVNMATSRVM,"B36,B37,B40,B41,B44,B48,B52,B55,B56,B59,B63,B64,B65,B66,B67,B69,B70,B89,B92,B95,B96,B97,B98,B99,B100,B101,B103,B104,B105",0.89,0.93,0.87,0.15,0.13,0.9,0.94,10,0,-315.28,0.39,0.63,0.69,-55.99,2805.82,-2,52.96,48.28,29,10,34.48,11,37.93,71.43,0,28.57,76.23,0,23.77,"{'A': 1, 'C': 0, 'D': 3, 'E': 1, 'F': 1, 'G': 0, 'H': 5, 'I': 0, 'K': 1, 'L': 0, 'M': 1, 'N': 1, 'P': 2, 'Q': 0, 'R': 3, 'S': 0, 'T': 1, 'V': 0, 'W': 5, 'Y': 4}",0.73,"0 hours, 36 minutes, 7 seconds",,bindcraftchainamotif,default_filters,default_4stage_multimer
bindcraftchainamotif_l106_s980396,4stage,106,980396,-0.3,"A70,A104,A166,A237,A170,A234,A235,A238,A239",SIIEIMRRMITILHEPNIGHDEYVVQMRPVMQEFRAVMEMMSPNDPEALERFAPGHTNKAYVQIEPEMRQVIKTTELAMRHPPEHWPYYRDRMKSMMEPLLARMVT,"B20,B21,B73,B77,B80,B81,B82,B83,B84,B85,B88,B89,B92",0.7,0.71,0.15,0.64,0.78,0.82,0.9,5,0,-242.78,0.38,0.64,0.72,-25.15,1204.44,-2.09,22.02,38.46,13,4,30.77,3,23.08,80,0,20,82.08,0,17.92,"{'A': 0, 'C': 0, 'D': 1, 'E': 1, 'F': 0, 'G': 0, 'H': 3, 'I': 0, 'K': 1, 'L': 1, 'M': 0, 'N': 0, 'P': 2, 'Q': 0, 'R': 2, 'S': 0, 'T': 0, 'V': 0, 'W': 0, 'Y': 2}",0.78,"0 hours, 13 minutes, 55 seconds",,bindcraftchainamotif,default_filters,default_4stage_multimer
bindcraftchainamotif_l118_s16648,4stage,118,16648,-0.3,"A70,A104,A166,A237,A170,A234,A235,A238,A239",SKVAQAMAAHEDAYKYWNPNMWIDQGYPYTYSEKLRETVRFSRVSIEAFDAWVPGQSPEVVVVYKVFRPMSQLIISLSEPALQSDFIVMRAMYHVVKMLEPIWMGVFNKLWLMFNSSM,"B16,B22,B23,B26,B27,B28,B29,B30,B31,B32,B33,B36,B37,B40,B85,B86,B89,B90,B93,B94,B97",0.8,0.84,0.61,0.29,0.36,0.79,0.92,5,0,-259.41,0.51,0.59,0.56,-42.5,1981.83,-2.14,32.92,47.62,21,8,38.1,6,28.57,66.67,0,33.33,85.59,0,14.41,"{'A': 0, 'C': 0, 'D': 1, 'E': 2, 'F': 1, 'G': 1, 'H': 1, 'I': 1, 'K': 1, 'L': 0, 'M': 1, 'N': 0, 'P': 1, 'Q': 0, 'R': 3, 'S': 1, 'T': 1, 'V': 0, 'W': 1, 'Y': 5}",0.74,"0 hours, 14 minutes, 41 seconds",,bindcraftchainamotif,default_filters,default_4stage_multimer
bindcraftchainamotif_l97_s172960,4stage,97,172960,-0.3,"A70,A104,A166,A237,A170,A234,A235,A238,A239",LTTPPTPEEIVVMAMTIAYDAFEKYIAERPMEYELWPQSPWMKFWRDVMKKSIAEAVSPQEYLATMRAHYPRDHYMINKTQEMIGGAFRQVEAMLSS,"B25,B28,B29,B30,B31,B32,B33,B35,B36,B39,B40,B41,B68,B69,B70,B71,B72,B73,B74,B75,B76,B79",0.87,0.89,0.76,0.21,0.21,0.77,0.9,8,0,-215.75,0.4,0.5,0.62,-33,2130.03,-1.55,39.02,59.09,22,9,40.91,3,13.64,63.64,0,36.36,81.44,0,18.56,"{'A': 1, 'C': 0, 'D': 1, 'E': 2, 'F': 0, 'G': 0, 'H': 2, 'I': 0, 'K': 1, 'L': 1, 'M': 2, 'N': 0, 'P': 3, 'Q': 0, 'R': 2, 'S': 1, 'T': 0, 'V': 0, 'W': 2, 'Y': 4}",0.75,"0 hours, 11 minutes, 12 seconds",,bindcraftchainamotif,default_filters,default_4stage_multimer
Design,Protocol,Length,Seed,Helicity,Target_Hotspot,Sequence,InterfaceResidues,pLDDT,pTM,i_pTM,pAE,i_pAE,i_pLDDT,ss_pLDDT,Unrelaxed_Clashes,Relaxed_Clashes,Binder_Energy_Score,Surface_Hydrophobicity,ShapeComplementarity,PackStat,dG,dSASA,dG/dSASA,Interface_SASA_%,Interface_Hydrophobicity,n_InterfaceResidues,n_InterfaceHbonds,InterfaceHbondsPercentage,n_InterfaceUnsatHbonds,InterfaceUnsatHbondsPercentage,Interface_Helix%,Interface_BetaSheet%,Interface_Loop%,Binder_Helix%,Binder_BetaSheet%,Binder_Loop%,InterfaceAAs,Target_RMSD,TrajectoryTime,Notes,TargetSettings,Filters,AdvancedSettings